Beautiful Soup,Lxml,Regular expressions
,,
0.051000118,0.161000013,0.004999876
,,
0.098999977,0.174999952,0.00999999
,,
0.147000074,0.182999849,0.015999794
,,
0.193000078,0.190000057,0.020999908
,,
0.232000113,0.197999954,0.025999784
,,
0.272000074,0.204999924,0.030999899
,,
0.311000109,0.211999893,0.035999775
,,
0.351999998,0.217000008,0.041999817
,,
0.397000074,0.22300005,0.046999931
,,
0.440000057,0.228999853,0.051999807
,,
0.480000019,0.233999968,0.056999922
,,
0.651000023,0.24000001,0.062999964
,,
0.696000099,0.246000051,0.06799984
,,
0.735000134,0.250999928,0.072999954
,,
0.773999929,0.256999969,0.079999924
,,
0.81400013,0.263000011,0.086999893
,,
0.855000019,0.267999887,0.092999935
,,
0.894000053,0.273999929,0.097999811
,,
0.931999922,0.279999971,0.101999998
,,
0.980000019,0.286000013,0.107999802
,,
1.019000053,0.290999889,0.113999844
,,
1.059000015,0.30099988,0.119999886
,,
1.101000071,0.307999849,0.125999928
,,
1.14199996,0.313999891,0.133999825
,,
1.186000109,0.319999933,0.142999887
,,
1.226000071,0.325000048,0.150999784
,,
1.268000126,0.330999851,0.15899992
,,
1.305999994,0.336999893,0.166999817
,,
1.358999968,0.342000008,0.173999786
,,
1.426000118,0.34800005,0.178999901
,,
1.499000072,0.353999853,0.183999777
,,
1.561000109,0.358999968,0.188999891
,,
1.60800004,0.36500001,0.193999767
,,
1.651000023,0.371000051,0.198999882
,,
1.690000057,0.376999855,0.203999996
,,
1.729000092,0.381999969,0.2099998
,,
1.768000126,0.388000011,0.216999769
,,
1.806999922,0.394000053,0.225999832
,,
1.847000122,0.398999929,0.233999968
,,
1.885999918,0.404999971,0.242999792
,,
1.924999952,0.411000013,0.250999928
,,
1.964999914,0.417000055,0.258999825
,,
2.006000042,0.421999931,0.26699996
,,
2.046000004,0.427999973,0.275999784
,,
2.085999966,0.432999849,0.282999992
,,
2.125,0.438999891,0.287999868
,,
2.164000034,0.444999933,0.29399991
,,
2.207000017,0.450999975,0.301999807
,,
2.246000051,0.455999851,0.307999849
,,
2.285000086,0.461999893,0.312999964
,,
2.325000048,0.467999935,0.31799984
,,
2.365999937,0.47300005,0.323999882
,,
2.407000065,0.478999853,0.328999996
,,
2.447999954,0.484999895,0.333999872
,,
2.490999937,0.490999937,0.341999769
,,
2.531000137,0.496999979,0.349999905
,,
2.571000099,0.501999855,0.355999947
,,
2.611999989,0.507999897,0.360999823
,,
2.651000023,0.513999939,0.365999937
,,
2.690999985,0.519000053,0.371999979
,,
2.73300004,0.524999857,0.378999949
,,
2.806999922,0.530999899,0.38499999
,,
2.851000071,0.537999868,0.390999794
,,
2.891000032,0.542999983,0.396999836
,,
2.930999994,0.549000025,0.404999971
,,
2.972000122,0.555000067,0.411999941
,,
3.015000105,0.559999943,0.421000004
,,
3.055000067,0.565999985,0.429999828
,,
3.097000122,0.572999954,0.436999798
,,
3.14199996,0.580999851,0.444999933
,,
3.180999994,0.588000059,0.449999809
,,
3.220999956,0.595000029,0.454999924
,,
3.259000063,0.601999998,0.462999821
,,
3.298000097,0.60800004,0.470999956
,,
3.337000132,0.614000082,0.478999853
,,
3.375999928,0.619999886,0.485999823
,,
3.416000128,0.625,0.490999937
,,
3.454999924,0.631999969,0.496999979
,,
3.496000051,0.644000053,0.501999855
,,
3.535000086,0.649999857,0.507999897
,,
3.57400012,0.654999971,0.513999939
,,
3.614000082,0.661000013,0.518999815
,,
3.65199995,0.667000055,0.52699995
,,
3.690999985,0.677999973,0.534999847
,,
3.730000019,0.684000015,0.542999983
,,
3.768000126,0.690000057,0.547999859
,,
3.805999994,0.700000048,0.555999994
,,
3.84800005,0.705999851,0.562999964
,,
3.885999918,0.71600008,0.570999861
,,
3.924000025,0.721999884,0.579999924
,,
3.963000059,0.730000019,0.587999821
,,
4.002000093,0.734999895,0.59499979
,,
4.041000128,0.740999937,0.599999905
,,
4.078999996,0.747999907,0.606999874
,,
4.117000103,0.753000021,0.613999844
,,
4.156000137,0.759000063,0.621999979
,,
4.196000099,0.764999866,0.629999876
,,
4.235000134,0.770999908,0.637999773
,,
4.273999929,0.77699995,0.645999908
,,
4.312000036,0.782000065,0.654999971
,,
4.352999926,0.787999868,0.663999796
,,
4.393000126,0.79399991,0.674999952
,,
4.433000088,0.799000025,0.683999777
,,
4.472000122,0.805000067,0.693999767
,,
4.513999939,0.81099987,0.701999903
,,
4.552000046,0.816999912,0.7099998
,,
4.59100008,0.825000048,0.714999914
,,
4.631999969,0.835999966,0.720999956
,,
4.676000118,0.848999977,0.725999832
,,
4.71600008,0.856999874,0.732999802
,,
4.755000114,0.86500001,0.739999771
,,
4.79399991,0.871000051,0.745999813
,,
4.834000111,0.876999855,0.753999949
,,
4.875999928,0.882999897,0.760999918
,,
4.914999962,0.888999939,0.76699996
,,
4.953999996,0.895999908,0.771999836
,,
4.993000031,0.902999878,0.777999878
,,
5.032000065,0.911000013,0.782999992
,,
5.069999933,0.917000055,0.787999868
,,
5.108999968,0.921999931,0.794999838
,,
5.153000116,0.927999973,0.799999952
,,
5.191999912,0.934000015,0.807999849
,,
5.260999918,0.938999891,0.813999891
,,
5.309999943,0.945999861,0.818999767
,,
5.351999998,0.951999903,0.824999809
,,
5.400000095,0.957000017,0.831999779
,,
5.446000099,0.963999987,0.838999987
,,
5.490999937,0.970999956,0.846999884
,,
5.539000034,0.981999874,0.854999781
,,
5.597000122,0.991999865,0.861999989
,,
5.644999981,1.000999928,0.866999865
,,
5.687999964,1.007999897,0.872999907
,,
5.730000019,1.013999939,0.879999876
,,
5.769999981,1.019999981,0.885999918
,,
5.809000015,1.027999878,0.890999794
,,
5.84800005,1.037999868,0.895999908
,,
5.888000011,1.046000004,0.902999878
,,
5.927000046,1.052000046,0.90899992
,,
5.96600008,1.056999922,0.916999817
,,
6.006999969,1.062999964,0.924999952
,,
6.046000004,1.069000006,0.932999849
,,
6.085999966,1.076999903,0.937999964
,,
6.124000072,1.083999872,0.943999767
,,
6.161999941,1.092999935,0.951999903
,,
6.200999975,1.102999926,0.958999872
,,
6.24000001,1.112999916,0.963999987
,,
6.278000116,1.122999907,0.968999863
,,
6.316999912,1.131999969,0.973999977
,,
6.35800004,1.139999866,0.979999781
,,
6.398000002,1.144999981,0.985999823
,,
6.437000036,1.15199995,0.990999937
,,
6.476000071,1.162999868,0.995999813
,,
6.513999939,1.171999931,1.001999855
,,
6.554000139,1.180999994,1.006999969
,,
6.592000008,1.187000036,1.014999866
,,
6.631999969,1.191999912,1.021999836
,,
6.686000109,1.200999975,1.029999971
,,
6.743999958,1.207000017,1.034999847
,,
6.815000057,1.213000059,1.040999889
,,
6.871999979,1.221999884,1.046000004
,,
6.917000055,1.230999947,1.05099988
,,
6.959000111,1.24000001,1.055999994
,,
7.006999969,1.249000072,1.062999964
,,
7.051000118,1.257999897,1.068999767
,,
7.089999914,1.26699996,1.076999903
,,
7.128999949,1.272000074,1.0849998
,,
7.171000004,1.280999899,1.092999935
,,
7.217000008,1.289000034,1.100999832
,,
7.256999969,1.296999931,1.107999802
,,
7.295000076,1.305000067,1.112999916
,,
7.334000111,1.31099987,1.117999792
,,
7.371999979,1.318000078,1.122999907
,,
7.411999941,1.326999903,1.127999783
,,
7.450000048,1.335999966,1.132999897
,,
7.489000082,1.342000008,1.137999773
,,
7.529999971,1.348999977,1.145999908
,,
7.569000006,1.358999968,1.150999784
,,
7.607000113,1.365999937,1.156999826
,,
7.645999908,1.371000051,1.161999941
,,
7.684999943,1.376999855,1.166999817
,,
7.723999977,1.385999918,1.172999859
,,
7.762000084,1.39199996,1.177999973
,,
7.801000118,1.398000002,1.183999777
,,
7.842000008,1.404000044,1.188999891
,,
7.883000135,1.409999847,1.193999767
,,
7.921999931,1.415999889,1.198999882
,,
7.960999966,1.421999931,1.203999996
,,
7.999000072,1.427000046,1.208999872
,,
8.038000107,1.434000015,1.214999914
,,
8.078999996,1.443000078,1.218999863
,,
8.121000051,1.451999903,1.223999977
,,
8.163000107,1.460000038,1.229999781
,,
8.22300005,1.467000008,1.234999895
,,
8.291000128,1.473999977,1.239999771
,,
8.338000059,1.483999968,1.244999886
,,
8.39199996,1.493999958,1.25
,,
8.444000006,1.503000021,1.254999876
,,
8.48300004,1.50999999,1.260999918
,,
8.522000074,1.516000032,1.265999794
,,
8.562000036,1.522000074,1.271999836
,,
8.601000071,1.529000044,1.27699995
,,
8.641000032,1.536000013,1.281999826
,,
8.683000088,1.542999983,1.286999941
,,
8.722000122,1.549000025,1.291999817
,,
8.75999999,1.555999994,1.296999931
,,
8.799000025,1.562999964,1.302999973
,,
8.838000059,1.569999933,1.307999849
,,
8.875999928,1.579999924,1.311999798
,,
8.914999962,1.59100008,1.316999912
,,
8.953999996,1.601000071,1.322999954
,,
8.993000031,1.611000061,1.326999903
,,
9.032999992,1.619999886,1.332999945
,,
9.072000027,1.629999876,1.337999821
,,
9.111000061,1.637000084,1.341999769
,,
9.148999929,1.642999887,1.346999884
,,
9.187999964,1.648999929,1.351999998
,,
9.226999998,1.65899992,1.356999874
,,
9.265000105,1.66899991,1.361999989
,,
9.304000139,1.680000067,1.367999792
,,
9.345000029,1.687000036,1.371999979
,,
9.384000063,1.694999933,1.376999855
,,
9.427000046,1.700999975,1.382999897
,,
9.46600008,1.707000017,1.387999773
,,
9.509000063,1.713999987,1.39199996
,,
9.552000046,1.723999977,1.398000002
,,
9.595000029,1.733999968,1.402999878
,,
9.63499999,1.743999958,1.407999992
,,
9.676000118,1.750999928,1.412999868
,,
9.717999935,1.75999999,1.417999983
,,
9.758000135,1.769999981,1.422999859
,,
9.796999931,1.780999899,1.427999973
,,
9.835000038,1.790999889,1.432999849
,,
9.874000072,1.802000046,1.437999964
,,
9.914999962,1.809999943,1.44299984
,,
9.967000008,1.819999933,1.447999954
,,
10.00699997,1.829999924,1.45299983
,,
10.05800009,1.838999987,1.458999872
,,
10.10700011,1.84800005,1.466999769
,,
10.1500001,1.855999947,1.473999977
,,
10.19000006,1.864000082,1.479999781
,,
10.23000002,1.869999886,1.484999895
,,
10.26999998,1.878000021,1.489999771
,,
10.30900002,1.885999918,1.494999886
,,
10.34800005,1.894000053,1.5
,,
10.38899994,1.901000023,1.504999876
,,
10.43099999,1.90899992,1.50999999
,,
10.47300005,1.915999889,1.514999866
,,
10.51300001,1.924000025,1.519999981
,,
10.55299997,1.930999994,1.524999857
,,
10.60400009,1.937000036,1.529999971
,,
10.64300013,1.943000078,1.534999847
,,
10.68799996,1.950999975,1.539999962
,,
10.73200011,1.955999851,1.544999838
,,
10.77399993,1.961999893,1.549999952
,,
10.81900001,1.967999935,1.554999828
,,
10.86599994,1.973999977,1.559999943
,,
10.90899992,1.978999853,1.564999819
,,
10.95000005,1.984999895,1.569999933
,,
10.99000001,1.990999937,1.574999809
,,
11.02999997,1.996999979,1.579999924
,,
11.0710001,2.003000021,1.5849998
,,
11.11400008,2.009000063,1.589999914
,,
11.15300012,2.01699996,1.59499979
,,
11.19499993,2.024999857,1.599999905
,,
11.24300003,2.032000065,1.604999781
,,
11.28299999,2.037999868,1.609999895
,,
11.32400012,2.04399991,1.614999771
,,
11.36299992,2.05099988,1.619999886
,,
11.40300012,2.056999922,1.625
,,
11.44199991,2.062999964,1.629999876
,,
11.48200011,2.069000006,1.63499999
,,
11.51999998,2.075999975,1.639999866
,,
11.55900002,2.082999945,1.644999981
,,
11.5999999,2.088999987,1.649999857
,,
11.6400001,2.095000029,1.654999971
,,
11.67900014,2.101000071,1.659999847
,,
11.71700001,2.106999874,1.664999962
,,
11.75600004,2.114000082,1.671000004
,,
11.79399991,2.121000051,1.67599988
,,
11.83299994,2.126999855,1.683999777
,,
11.87299991,2.132999897,1.688999891
,,
11.91199994,2.138999939,1.695999861
,,
11.95300007,2.144999981,1.700999975
,,
11.99500012,2.151000023,1.705999851
,,
12.046,2.157000065,1.710999966
,,
12.09599996,2.161999941,1.716999769
,,
12.14199996,2.167999983,1.720999956
,,
12.18400002,2.174000025,1.725999832
,,
12.22600007,2.180999994,1.732999802
,,
12.26699996,2.187000036,1.737999916
,,
12.31299996,2.193000078,1.742999792
,,
12.35599995,2.198999882,1.748999834
,,
12.39899993,2.203999996,1.753999949
,,
12.44000006,2.210999966,1.758999825
,,
12.48099995,2.217000008,1.763999939
,,
12.52099991,2.22300005,1.770999908
,,
12.56100011,2.228999853,1.778999805
,,
12.60400009,2.233999968,1.784999847
,,
12.64499998,2.24000001,1.789999962
,,
12.68700004,2.244999886,1.794999838
,,
12.727,2.250999928,1.799999952
,,
12.76699996,2.256999969,1.804999828
,,
12.80599999,2.262000084,1.809999943
,,
12.8440001,2.267999887,1.814999819
,,
12.88400006,2.273999929,1.819999933
,,
12.9230001,2.279999971,1.824999809
,,
12.96200013,2.286000013,1.829999924
,,
13.00099993,2.290999889,1.8349998
,,
13.04399991,2.296999931,1.839999914
,,
13.08299994,2.302999973,1.84499979
,,
13.12899995,2.309000015,1.849999905
,,
13.16899991,2.315000057,1.854999781
,,
13.20799994,2.319999933,1.859999895
,,
13.24699998,2.325999975,1.864999771
,,
13.28600001,2.332000017,1.869999886
,,
13.32500005,2.338000059,1.875
,,
13.36400008,2.343999863,1.879999876
,,
13.40700006,2.349999905,1.88499999
,,
13.44700003,2.355999947,1.889999866
,,
13.48600006,2.361999989,1.894999981
,,
13.5250001,2.368999958,1.900999784
,,
13.56500006,2.375,1.905999899
,,
13.60400009,2.381999969,1.909999847
,,
13.64300013,2.388000011,1.915999889
,,
13.68400002,2.394000053,1.921000004
,,
13.72300005,2.399999857,1.92599988
,,
13.76399994,2.405999899,1.930999994
,,
13.80200005,2.411999941,1.93599987
,,
13.84100008,2.420000076,1.940999985
,,
13.88000011,2.427000046,1.945999861
,,
13.91899991,2.434000015,1.950999975
,,
13.95900011,2.443000078,1.955999851
,,
13.99799991,2.450000048,1.960999966
,,
14.03800011,2.457999945,1.966999769
,,
14.08200002,2.463999987,1.970999956
,,
14.12299991,2.47300005,1.976999998
,,
14.16300011,2.480000019,1.982999802
,,
14.20099998,2.486000061,1.987999916
,,
14.24000001,2.490999937,1.992999792
,,
14.27900004,2.496999979,1.998999834
,,
14.31699991,2.506000042,2.002999783
,,
14.35599995,2.510999918,2.007999897
,,
14.39599991,2.519000053,2.013999939
,,
14.43799996,2.524999857,2.017999887
,,
14.477,2.53399992,2.023999929
,,
14.51699996,2.539999962,2.027999878
,,
14.55999994,2.545000076,2.03399992
,,
14.59899998,2.552000046,2.038999796
,,
14.64400005,2.557999849,2.04399991
,,
14.68400002,2.563999891,2.05099988
,,
14.74099994,2.572000027,2.055999994
,,
14.80800009,2.578999996,2.06099987
,,
14.86000013,2.585000038,2.068999767
,,
14.89899993,2.589999914,2.073999882
,,
14.93900013,2.595999956,2.080999851
,,
14.97900009,2.601999998,2.085999966
,,
15.01800013,2.606999874,2.093999863
,,
15.05800009,2.612999916,2.100999832
,,
15.09700012,2.618999958,2.105999947
,,
15.13599992,2.624000072,2.110999823
,,
15.17499995,2.629999876,2.117999792
,,
15.21600008,2.635999918,2.122999907
,,
15.2650001,2.64199996,2.128999949
,,
15.30299997,2.647000074,2.133999825
,,
15.34200001,2.652999878,2.138999939
,,
15.38100004,2.661999941,2.142999887
,,
15.421,2.670000076,2.148999929
,,
15.46099997,2.67599988,2.154999971
,,
15.5,2.682999849,2.159999847
,,
15.53800011,2.687999964,2.166999817
,,
15.579,2.697000027,2.174999952
,,
15.61800003,2.703000069,2.183999777
,,
15.65700006,2.708999872,2.191999912
,,
15.6960001,2.714999914,2.197999954
,,
15.73500013,2.720999956,2.206999779
,,
15.773,2.726000071,2.213999987
,,
15.81200004,2.731999874,2.21999979
,,
15.8499999,2.736999989,2.225999832
,,
15.88899994,2.743000031,2.234999895
,,
15.93199992,2.749000072,2.239999771
,,
15.97099996,2.754999876,2.245999813
,,
16.00999999,2.760999918,2.252999783
,,
16.05800009,2.76699996,2.261999846
,,
16.11599994,2.773000002,2.270999908
,,
16.17199993,2.777999878,2.279999971
,,
16.21200013,2.78399992,2.286999941
,,
16.25099993,2.789999962,2.291999817
,,
16.29100013,2.796000004,2.296999931
,,
16.33200002,2.80099988,2.301999807
,,
16.37700009,2.806999922,2.306999922
,,
16.43700004,2.812999964,2.311999798
,,
16.48300004,2.822000027,2.315999985
,,
16.5250001,2.830999851,2.320999861
,,
16.56999993,2.838000059,2.325999975
,,
16.61500001,2.846999884,2.330999851
,,
16.65700006,2.852999926,2.335999966
,,
16.71799994,2.858999968,2.340999842
,,
16.76999998,2.866999865,2.34499979
,,
16.82800007,2.874000072,2.349999905
,,
16.87800002,2.882999897,2.354999781
,,
16.93099999,2.888999939,2.359999895
,,
16.98399997,2.894999981,2.364999771
,,
17.03800011,2.902999878,2.369999886
,,
17.08299994,2.911999941,2.375
,,
17.12100005,2.921999931,2.378999949
,,
17.17199993,2.931999922,2.383999825
,,
17.23600006,2.938999891,2.388999939
,,
17.28100014,2.947000027,2.393999815
,,
17.3210001,2.953000069,2.398999929
,,
17.36299992,2.961999893,2.403999805
,,
17.41400003,2.968999863,2.407999992
,,
17.46600008,2.976000071,2.412999868
,,
17.51800013,2.983999968,2.417999983
,,
17.58500004,2.991999865,2.422999859
,,
17.64499998,3.000999928,2.427999973
,,
17.70600009,3.00999999,2.432999849
,,
17.74600005,3.017999887,2.436999798
,,
17.78600001,3.02699995,2.441999912
,,
17.82500005,3.03399992,2.446999788
,,
17.86500001,3.040999889,2.451999903
,,
17.90400004,3.046999931,2.456999779
,,
17.94400001,3.055999994,2.461999893
,,
17.98300004,3.065000057,2.465999842
,,
18.0250001,3.072999954,2.472999811
,,
18.06400013,3.082000017,2.477999926
,,
18.10299993,3.092000008,2.482999802
,,
18.14199996,3.099999905,2.487999916
,,
18.18000007,3.105999947,2.492999792
,,
18.22000003,3.115999937,2.498999834
,,
18.25999999,3.125999928,2.503999949
,,
18.29999995,3.131999969,2.50999999
,,
18.33800006,3.138000011,2.514999866
,,
18.38199997,3.144000053,2.519999981
,,
18.42600012,3.148999929,2.524999857
,,
18.46499991,3.154999971,2.529999971
,,
18.50399995,3.159999847,2.534999847
,,
18.54299998,3.165999889,2.539999962
,,
18.58400011,3.171999931,2.544999838
,,
18.62700009,3.177999973,2.55099988
,,
18.66899991,3.184000015,2.555999994
,,
18.727,3.193000078,2.559999943
,,
18.78399992,3.197999954,2.564999819
,,
18.82400012,3.205999851,2.569999933
,,
18.86400008,3.211999893,2.574999809
,,
18.90400004,3.218999863,2.579999924
,,
18.94400001,3.228999853,2.585999966
,,
18.98399997,3.236000061,2.590999842
,,
19.02399993,3.241999865,2.59499979
,,
19.06400013,3.246999979,2.599999905
,,
19.10500002,3.253999949,2.604999781
,,
19.14400005,3.259000063,2.609999895
,,
19.19099998,3.264999866,2.615999937
,,
19.23799992,3.270999908,2.622999907
,,
19.27699995,3.276000023,2.627999783
,,
19.31999993,3.282000065,2.632999897
,,
19.36000013,3.287999868,2.637999773
,,
19.40300012,3.29399991,2.642999887
,,
19.4460001,3.299999952,2.648000002
,,
19.49099994,3.305000067,2.652999878
,,
19.53800011,3.31099987,2.656999826
,,
19.57700014,3.316999912,2.661999941
,,
19.61599994,3.322999954,2.666999817
,,
19.65499997,3.328999996,2.671999931
,,
19.69499993,3.335999966,2.676999807
,,
19.73699999,3.345000029,2.681999922
,,
19.77600002,3.351000071,2.686999798
,,
19.81500006,3.356999874,2.691999912
,,
19.85400009,3.361999989,2.695999861
,,
19.89499998,3.368000031,2.700999975
,,
19.93400002,3.374000072,2.705999851
,,
19.97300005,3.381000042,2.710999966
,,
20.01099992,3.388999939,2.715999842
,,
20.05200005,3.395999908,2.720999956
,,
20.09100008,3.401000023,2.725999832
,,
20.13100004,3.407000065,2.729999781
,,
20.171,3.412999868,2.734999895
,,
20.21300006,3.41899991,2.739999771
,,
20.25600004,3.424000025,2.744999886
,,
20.29900002,3.430000067,2.75
,,
20.34200001,3.434999943,2.754999876
,,
20.38800001,3.440999985,2.75999999
,,
20.43199992,3.447000027,2.763999939
,,
20.47200012,3.453000069,2.768999815
,,
20.51099992,3.458999872,2.773999929
,,
20.54999995,3.463999987,2.778999805
,,
20.59299994,3.470000029,2.78399992
,,
20.63199997,3.476000071,2.788999796
,,
20.671,3.483999968,2.79399991
,,
20.71099997,3.491999865,2.798999786
,,
20.75200009,3.497999907,2.802999973
,,
20.79100013,3.504999876,2.807999849
,,
20.82999992,3.510999918,2.812999964
,,
20.86899996,3.516000032,2.81799984
,,
20.90899992,3.523000002,2.822999954
,,
20.95000005,3.527999878,2.82799983
,,
20.98900008,3.53399992,2.832999945
,,
21.02900004,3.539999962,2.836999893
,,
21.06800008,3.545000076,2.841999769
,,
21.10899997,3.55099988,2.846999884
,,
21.148,3.556999922,2.873999834
,,
21.18700004,3.562000036,2.878999949
,,
21.227,3.569000006,2.88499999
,,
21.26600003,3.575000048,2.889999866
,,
21.30699992,3.580999851,2.894999981
,,
21.34599996,3.586999893,2.899999857
,,
21.38499999,3.592999935,2.90899992
,,
21.42499995,3.598999977,2.913999796
,,
21.46499991,3.606999874,2.91899991
,,
21.50399995,3.612999916,2.923999786
,,
21.54200006,3.618999958,2.929999828
,,
21.58299994,3.625,2.937999964
,,
21.62199998,3.629999876,2.944999933
,,
21.66300011,3.635999918,2.953999996
,,
21.70300007,3.64199996,2.962999821
,,
21.74300003,3.648000002,2.970999956
,,
21.78299999,3.654000044,2.975999832
,,
21.82200003,3.65899992,2.980999947
,,
21.86100006,3.664999962,2.988999844
,,
21.90100002,3.671000004,2.993999958
,,
21.94000006,3.677000046,3
,,
21.98099995,3.682999849,3.005999804
,,
22.01999998,3.688999891,3.010999918
,,
22.05900002,3.694999933,3.015999794
,,
22.09700012,3.700000048,3.020999908
,,
22.13499999,3.705999851,3.025999784
,,
22.17400002,3.711999893,3.030999899
,,
22.21300006,3.717000008,3.035999775
,,
22.25200009,3.72300005,3.039999962
,,
22.28999996,3.728999853,3.044999838
,,
22.33200002,3.733999968,3.049999952
,,
22.37000012,3.74000001,3.054999828
,,
22.41100001,3.746000051,3.059999943
,,
22.45000005,3.750999928,3.064999819
,,
22.48900008,3.756999969,3.069999933
,,
22.52800012,3.762000084,3.073999882
,,
22.56599998,3.767999887,3.078999996
,,
22.60599995,3.773999929,3.083999872
,,
22.64499998,3.779000044,3.088999987
,,
22.68700004,3.784999847,3.093999863
,,
22.72600007,3.790999889,3.098999977
,,
22.7650001,3.796999931,3.103999853
,,
22.80400014,3.802000046,3.107999802
,,
22.84299994,3.807999849,3.112999916
,,
22.88100004,3.813999891,3.117999792
,,
22.92000008,3.819999933,3.122999907
,,
22.95900011,3.825000048,3.127999783
,,
22.99799991,3.830999851,3.132999897
,,
23.03900003,3.838000059,3.137999773
,,
23.07700014,3.845999956,3.142999887
,,
23.11599994,3.851999998,3.148000002
,,
23.15400004,3.856999874,3.152999878
,,
23.19300008,3.862999916,3.156999826
,,
23.23099995,3.868999958,3.161999941
,,
23.27099991,3.874000072,3.166999817
,,
23.30900002,3.879999876,3.171999931
,,
23.34700012,3.885999918,3.176999807
,,
23.39599991,3.89199996,3.181999922
,,
23.43700004,3.897000074,3.186999798
,,
23.47600007,3.902999878,3.190999985
,,
23.5150001,3.90899992,3.195999861
,,
23.55299997,3.914999962,3.200999975
,,
23.59299994,3.920000076,3.205999851
,,
23.63100004,3.92599988,3.210999966
,,
23.67000008,3.931999922,3.215999842
,,
23.70900011,3.937999964,3.220999956
,,
23.75,3.943000078,3.225999832
,,
23.78999996,3.948999882,3.229999781
,,
23.82800007,3.953999996,3.234999895
,,
23.8670001,3.960000038,3.239999771
,,
23.90600014,3.96600008,3.244999886
,,
23.94400001,3.971999884,3.25
,,
23.98200011,3.976999998,3.254999876
,,
24.02099991,3.98300004,3.25999999
,,
24.05999994,3.989000082,3.264999866
,,
24.10100007,3.994999886,3.270999908
,,
24.13899994,4,3.274999857
,,
24.17799997,4.006000042,3.279999971
,,
24.21700001,4.012000084,3.285999775
,,
24.25600004,4.019000053,3.290999889
,,
24.29500008,4.024999857,3.296000004
,,
24.33299994,4.030999899,3.30099988
,,
24.37199998,4.036000013,3.305999994
,,
24.41100001,4.042000055,3.31099987
,,
24.45200014,4.047999859,3.315999985
,,
24.49099994,4.052999973,3.320999861
,,
24.52900004,4.059000015,3.325999975
,,
24.56800008,4.065000057,3.329999924
,,
24.60599995,4.070999861,3.335999966
,,
24.64499998,4.076999903,3.339999914
,,
24.68300009,4.082999945,3.34499979
,,
24.72200012,4.088999987,3.349999905
,,
24.75999999,4.093999863,3.354999781
,,
24.80299997,4.099999905,3.359999895
,,
24.84200001,4.105999947,3.364999771
,,
24.88000011,4.111999989,3.369999886
,,
24.91899991,4.116999865,3.375
,,
24.95700002,4.122999907,3.379999876
,,
24.99500012,4.128999949,3.38499999
,,
25.03299999,4.134000063,3.389999866
,,
25.07299995,4.139999866,3.394999981
,,
25.11400008,4.144999981,3.399999857
,,
25.15199995,4.151000023,3.404999971
,,
25.19000006,4.157000065,3.409999847
,,
25.22900009,4.161999941,3.414999962
,,
25.26699996,4.167999983,3.419999838
,,
25.30699992,4.178999901,3.424999952
,,
25.34500003,4.18599987,3.429999828
,,
25.38400006,4.200999975,3.433999777
,,
25.42400002,4.220999956,3.438999891
,,
25.46499991,4.227999926,3.443999767
,,
25.50399995,4.236999989,3.448999882
,,
25.54200006,4.243999958,3.453999996
,,
25.58100009,4.25,3.458999872
,,
25.61899996,4.257999897,3.463999987
,,
25.66100001,4.263999939,3.468999863
,,
25.69900012,4.273000002,3.473999977
,,
25.73900008,4.282999992,3.478999853
,,
25.78900003,4.289000034,3.483999968
,,
25.829,4.295000076,3.488999844
,,
25.87400007,4.302000046,3.493999958
,,
25.91300011,4.31099987,3.498999834
,,
25.95200014,4.320999861,3.503999949
,,
25.99099994,4.329999924,3.508999825
,,
26.03200006,4.338000059,3.513999939
,,
26.07200003,4.343999863,3.518999815
,,
26.11100006,4.349999905,3.523999929
,,
26.15100002,4.355000019,3.527999878
,,
26.19099998,4.361000061,3.53399992
,,
26.23000002,4.366999865,3.538999796
,,
26.26900005,4.371999979,3.542999983
,,
26.30800009,4.381000042,3.547999859
,,
26.34599996,4.391000032,3.552999973
,,
26.38499999,4.398000002,3.557999849
,,
26.42400002,4.404000044,3.562999964
,,
26.46300006,4.414000034,3.56799984
,,
26.50399995,4.421000004,3.572999954
,,
26.54200006,4.427000046,3.57799983
,,
26.57999992,4.431999922,3.583999872
,,
26.61899996,4.437999964,3.587999821
,,
26.65700006,4.444000006,3.592999935
,,
26.69700003,4.448999882,3.598999977
,,
26.73600006,4.454999924,3.606999874
,,
26.77399993,4.460999966,3.613999844
,,
26.81299996,4.46600008,3.618999958
,,
26.85400009,4.471999884,3.623999834
,,
26.89300013,4.476999998,3.628999949
,,
26.93099999,4.48300004,3.633999825
,,
26.97000003,4.489000082,3.638999939
,,
27.00800014,4.493999958,3.644999981
,,
27.046,4.5,3.648999929
,,
27.08500004,4.506000042,3.654999971
,,
27.12299991,4.512000084,3.65899992
,,
27.16199994,4.51699996,3.664999962
,,
27.20300007,4.523000002,3.669999838
,,
27.24900007,4.529000044,3.674999952
,,
27.28900003,4.536000013,3.679999828
,,
27.32800007,4.54399991,3.684999943
,,
27.36599994,4.549999952,3.690999985
,,
27.41000009,4.556999922,3.694999933
,,
27.45200014,4.563999891,3.699999809
,,
27.49300003,4.570999861,3.704999924
,,
27.53999996,4.579999924,3.710999966
,,
27.58100009,4.585999966,3.714999914
,,
27.63100004,4.593999863,3.720999956
,,
27.67600012,4.601000071,3.725999832
,,
27.71799994,4.60800004,3.730999947
,,
27.75999999,4.612999916,3.734999895
,,
27.80200005,4.621000051,3.740999937
,,
27.84299994,4.628000021,3.744999886
,,
27.88199997,4.634000063,3.75
,,
27.92900014,4.64199996,3.755999804
,,
27.98300004,4.649999857,3.75999999
,,
28.03699994,4.657000065,3.764999866
,,
28.08999991,4.665999889,3.769999981
,,
28.14700007,4.671999931,3.775999784
,,
28.1960001,4.677999973,3.779999971
,,
28.24600005,4.684000015,3.784999847
,,
28.29100013,4.690999985,3.789999962
,,
28.33299994,4.697999954,3.794999838
,,
28.38700008,4.703999996,3.80099988
,,
28.44300008,4.713000059,3.805999994
,,
28.48900008,4.720000029,3.809999943
,,
28.53699994,4.724999905,3.815999985
,,
28.58400011,4.736000061,3.820999861
,,
28.62299991,4.746000051,3.825999975
,,
28.66700006,4.754999876,3.830999851
,,
28.71300006,4.760999918,3.835999966
,,
28.76600003,4.770999908,3.840999842
,,
28.80999994,4.779999971,3.845999956
,,
28.85599995,4.786000013,3.850999832
,,
28.89899993,4.792000055,3.855999947
,,
28.95099998,4.799999952,3.860999823
,,
29.00500011,4.805999994,3.865999937
,,
29.05400014,4.812000036,3.870999813
,,
29.10599995,4.818000078,3.875999928
,,
29.15400004,4.825999975,3.880999804
,,
29.20000005,4.835999966,3.885999918
,,
29.25399995,4.845000029,3.890999794
,,
29.30699992,4.851000071,3.895999908
,,
29.3499999,4.856999874,3.900999784
,,
29.38899994,4.862999916,3.905999899
,,
29.43400002,4.868000031,3.910999775
,,
29.47300005,4.875,3.915999889
,,
29.51099992,4.881000042,3.921000004
,,
29.54999995,4.887000084,3.92599988
,,
29.58800006,4.894000053,3.930999994
,,
29.62700009,4.899999857,3.93599987
,,
29.66799998,4.907000065,3.940999985
,,
29.70600009,4.914000034,3.945999861
,,
29.74500012,4.91899991,3.949999809
,,
29.78299999,4.928999901,3.955999851
,,
29.8210001,4.934000015,3.9599998
,,
29.86000013,4.940999985,3.964999914
,,
29.898,4.947000027,3.96999979
,,
29.93799996,4.953000069,3.974999905
,,
29.98200011,4.958999872,3.979999781
,,
30.023,4.963999987,3.985999823
,,
30.06299996,4.970000029,3.990999937
,,
30.10299993,4.974999905,3.995999813
,,
30.14199996,4.980999947,4.000999928
,,
30.18199992,4.986999989,4.005999804
,,
30.22200012,4.993000031,4.010999918
,,
30.26099992,4.999000072,4.015999794
,,
30.29999995,5.003999949,4.020999908
,,
30.34100008,5.013000011,4.025999784
,,
30.38000011,5.019000053,4.030999899
,,
30.42499995,5.027999878,4.035999775
,,
30.47000003,5.036000013,4.040999889
,,
30.50800014,5.042999983,4.044999838
,,
30.546,5.047999859,4.049999952
,,
30.58500004,5.053999901,4.055999994
,,
30.62299991,5.062999964,4.06099987
,,
30.66199994,5.069000006,4.065999985
,,
30.704,5.073999882,4.070999861
,,
30.74300003,5.079999924,4.075999975
,,
30.78100014,5.085999966,4.080999851
,,
30.81999993,5.092000008,4.085999966
,,
30.85899997,5.09800005,4.092999935
,,
30.898,5.105000019,4.098999977
,,
30.93700004,5.111999989,4.103999853
,,
30.97600007,5.116999865,4.108999968
,,
31.0150001,5.122999907,4.113999844
,,
31.05800009,5.128999949,4.117999792
,,
31.09700012,5.13499999,4.122999907
,,
31.13499999,5.141000032,4.127999783
,,
31.17400002,5.145999908,4.132999897
,,
31.21300006,5.15199995,4.137999773
,,
31.25200009,5.15899992,4.142999887
,,
31.28999996,5.164999962,4.148000002
,,
31.329,5.171000004,4.152999878
,,
31.3670001,5.17599988,4.157999992
,,
31.41700006,5.181999922,4.162999868
,,
31.45600009,5.187999964,4.166999817
,,
31.49500012,5.193000078,4.171999931
,,
31.53399992,5.198999882,4.176999807
,,
31.57299995,5.204999924,4.181999922
,,
31.61100006,5.210999966,4.186999798
,,
31.64899993,5.218999863,4.191999912
,,
31.68799996,5.226000071,4.196999788
,,
31.72600007,5.231999874,4.201999903
,,
31.76800013,5.236999989,4.205999851
,,
31.80599999,5.243000031,4.210999966
,,
31.84500003,5.25,4.215999842
,,
31.88300014,5.256000042,4.220999956
,,
31.921,5.260999918,4.225999832
,,
31.96099997,5.26699996,4.230999947
,,
31.99900007,5.273000002,4.234999895
,,
32.03800011,5.277999878,4.239999771
,,
32.07599998,5.28399992,4.244999886
,,
32.1170001,5.289999962,4.25
,,
32.15499997,5.296000004,4.254999876
,,
32.19400001,5.302000046,4.25999999
,,
32.23300004,5.307999849,4.264999866
,,
32.27099991,5.313999891,4.269999981
,,
32.30900002,5.319000006,4.274999857
,,
32.34800005,5.325000048,4.278999805
,,
32.38599992,5.332000017,4.28399992
,,
32.42600012,5.339999914,4.288999796
,,
32.46700001,5.345000029,4.29399991
,,
32.50600004,5.351999998,4.298999786
,,
32.54399991,5.35800004,4.303999901
,,
32.58299994,5.364000082,4.308999777
,,
32.62100005,5.369999886,4.312999964
,,
32.66000009,5.375,4.31799984
,,
32.69799995,5.381000042,4.322999954
,,
32.73699999,5.385999918,4.32799983
,,
32.77699995,5.39199996,4.332999945
,,
32.81599998,5.398000002,4.337999821
,,
32.85400009,5.404000044,4.342999935
,,
32.89199996,5.411000013,4.347999811
,,
32.93000007,5.417000055,4.352999926
,,
32.96799994,5.424000025,4.357999802
,,
33.00699997,5.430000067,4.362999916
,,
33.046,5.434999943,4.367999792
,,
33.08400011,5.440999985,4.372999907
,,
33.125,5.447000027,4.377999783
,,
33.16300011,5.453000069,4.383999825
,,
33.20200014,5.457999945,4.389999866
,,
33.24099994,5.463999987,4.395999908
,,
33.27900004,5.470000029,4.399999857
,,
33.31699991,5.474999905,4.404999971
,,
33.35500002,5.480999947,4.409999847
,,
33.39400005,5.486999989,4.415999889
,,
33.43300009,5.491999865,4.421000004
,,
33.4749999,5.497999907,4.42599988
,,
33.51399994,5.503999949,4.430999994
,,
33.55200005,5.50999999,4.43599987
,,
33.59100008,5.514999866,4.440999985
,,
33.63000011,5.520999908,4.445999861
,,
33.66899991,5.52699995,4.450999975
,,
33.70900011,5.532000065,4.455999851
,,
33.74799991,5.537999868,4.460999966
,,
33.78699994,5.54399991,4.465999842
,,
33.82700014,5.549000025,4.470999956
,,
33.86500001,5.555000067,4.475999832
,,
33.90300012,5.56099987,4.480999947
,,
33.94199991,5.565999985,4.486999989
,,
33.98000002,5.572000027,4.491999865
,,
34.01900005,5.578000069,4.496999979
,,
34.05800009,5.583999872,4.501999855
,,
34.09599996,5.588999987,4.506999969
,,
34.13499999,5.595000029,4.511999846
,,
34.17499995,5.601000071,4.518999815
,,
34.21399999,5.606999874,4.523999929
,,
34.25200009,5.612999916,4.528999805
,,
34.28999996,5.618000031,4.53399992
,,
34.32800007,5.624000072,4.538999796
,,
34.3670001,5.629999876,4.54399991
,,
34.40700006,5.63499999,4.548999786
,,
34.44499993,5.641000032,4.553999901
,,
34.48799992,5.647000074,4.558999777
,,
34.52699995,5.65199995,4.564999819
,,
34.56500006,5.657999992,4.569999933
,,
34.60400009,5.664000034,4.573999882
,,
34.64400005,5.66899991,4.579999924
,,
34.68199992,5.674999952,4.5849998
,,
34.72300005,5.680000067,4.589999914
,,
34.76300001,5.68599987,4.59499979
,,
34.80200005,5.691999912,4.599999905
,,
34.84299994,5.697000027,4.605999947
,,
34.88300014,5.703000069,4.609999895
,,
34.92199993,5.708999872,4.615999937
,,
34.96200013,5.713999987,4.621999979
,,
35.00099993,5.720000029,4.625999928
,,
35.03999996,5.726000071,4.631999969
,,
35.07800007,5.730999947,4.636999846
,,
35.1170001,5.736999989,4.64199996
,,
35.15499997,5.743000031,4.646999836
,,
35.1960001,5.747999907,4.65199995
,,
35.24300003,5.753999949,4.656999826
,,
35.28100014,5.75999999,4.662999868
,,
35.31900001,5.764999866,4.667999983
,,
35.35700011,5.770999908,4.673999786
,,
35.39599991,5.77699995,4.678999901
,,
35.43600011,5.78399992,4.683999777
,,
35.47600007,5.789999962,4.688999891
,,
35.52200007,5.796999931,4.693999767
,,
35.55999994,5.803999901,4.698999882
,,
35.5999999,5.812000036,4.703999996
,,
35.63800001,5.818000078,4.7099998
,,
35.67600012,5.826999903,4.713999987
,,
35.71399999,5.835999966,4.71999979
,,
35.75399995,5.842999935,4.725999832
,,
35.79299998,5.853999853,4.730999947
,,
35.83100009,5.861999989,4.738999844
,,
35.87000012,5.866999865,4.747999907
,,
35.91100001,5.872999907,4.756999969
,,
35.94900012,5.878999949,4.762999773
,,
35.98799992,5.884000063,4.767999887
,,
36.02699995,5.889999866,4.775999784
,,
36.06500006,5.897000074,4.781999826
,,
36.10299993,5.90199995,4.786999941
,,
36.14199996,5.907999992,4.79399991
,,
36.18000007,5.914000034,4.799999952
,,
36.21799994,5.91899991,4.804999828
,,
36.25900006,5.927000046,4.809999943
,,
36.29699993,5.934000015,4.815999985
,,
36.33599997,5.940000057,4.820999861
,,
36.37400007,5.945999861,4.825999975
,,
36.41300011,5.951999903,4.830999851
,,
36.45200014,5.957999945,4.835999966
,,
36.49000001,5.96600008,4.840999842
,,
36.52999997,5.97300005,4.845999956
,,
36.56800008,5.980000019,4.850999832
,,
36.60899997,5.986000061,4.857999802
,,
36.648,5.991999865,4.862999916
,,
36.68600011,5.996999979,4.869999886
,,
36.7249999,6.003000021,4.878999949
,,
36.76399994,6.009000063,4.88499999
,,
36.80299997,6.013999939,4.89199996
,,
36.84200001,6.019999981,4.896999836
,,
36.88000011,6.026000023,4.90199995
,,
36.91899991,6.032000065,4.906999826
,,
36.95900011,6.036999941,4.911999941
,,
36.99799991,6.042999983,4.916999817
,,
37.03699994,6.049000025,4.921999931
,,
37.07599998,6.053999901,4.926999807
,,
37.11500001,6.059999943,4.931999922
,,
37.15499997,6.065999985,4.936999798
,,
37.1960001,6.072000027,4.94299984
,,
37.23799992,6.078000069,4.947999954
,,
37.27999997,6.082999945,4.951999903
,,
37.31999993,6.089999914,4.957999945
,,
37.35899997,6.096999884,4.963999987
,,
37.40400004,6.102999926,4.971999884
,,
37.44400001,6.108999968,4.977999926
,,
37.48300004,6.11500001,4.982999802
,,
37.52200007,6.119999886,4.987999916
,,
37.56100011,6.128000021,4.992999792
,,
37.5999999,6.134000063,4.997999907
,,
37.6400001,6.141000032,5.003999949
,,
37.67900014,6.149999857,5.008999825
,,
37.71700001,6.15899992,5.012999773
,,
37.75600004,6.167999983,5.017999887
,,
37.79500008,6.177000046,5.023999929
,,
37.83599997,6.18599987,5.028999805
,,
37.87599993,6.194999933,5.03399992
,,
37.91799998,6.203000069,5.038999796
,,
37.95700002,6.210000038,5.04399991
,,
37.99900007,6.21600008,5.047999859
,,
38.03999996,6.22300005,5.053999901
,,
38.07999992,6.230000019,5.057999849
,,
38.11899996,6.239000082,5.063999891
,,
38.15700006,6.247999907,5.06799984
,,
38.19499993,6.257999897,5.072999954
,,
38.23399997,6.26699996,5.07799983
,,
38.273,6.276000023,5.082999945
,,
38.31100011,6.284999847,5.087999821
,,
38.35100007,6.292999983,5.092999935
,,
38.39100003,6.299999952,5.097999811
,,
38.43000007,6.309000015,5.102999926
,,
38.46799994,6.316999912,5.107999802
,,
38.50699997,6.325999975,5.112999916
,,
38.55599999,6.332999945,5.117999792
,,
38.60599995,6.338999987,5.122999907
,,
38.65400004,6.345999956,5.127999783
,,
38.69300008,6.355000019,5.132999897
,,
38.74300003,6.361999989,5.137999773
,,
38.78699994,6.371000051,5.142999887
,,
38.82599998,6.379999876,5.148000002
,,
38.8670001,6.388000011,5.152999878
,,
38.90899992,6.395999908,5.157999992
,,
38.94799995,6.404999971,5.162999868
,,
38.9920001,6.414000034,5.167999983
,,
39.03600001,6.422999859,5.172999859
,,
39.07999992,6.431999922,5.177999973
,,
39.15199995,6.440000057,5.182999849
,,
39.20499992,6.445999861,5.188999891
,,
39.24500012,6.450999975,5.193999767
,,
39.28399992,6.458999872,5.198999882
,,
39.32299995,6.467999935,5.203999996
,,
39.36500001,6.476999998,5.208999872
,,
39.421,6.481999874,5.213999987
,,
39.46300006,6.487999916,5.218999863
,,
39.50600004,6.493999958,5.223999977
,,
39.55400014,6.499000072,5.228999853
,,
39.60700011,6.504999876,5.233999968
,,
39.65499997,6.512000084,5.238999844
,,
39.71300006,6.519999981,5.243999958
,,
39.773,6.52699995,5.248999834
,,
39.82200003,6.532999992,5.254999876
,,
39.88300014,6.537999868,5.258999825
,,
39.93199992,6.54399991,5.263999939
,,
39.99099994,6.549999952,5.268999815
,,
40.04500008,6.555999994,5.273999929
,,
40.09700012,6.562000036,5.278999805
,,
40.14400005,6.569999933,5.28399992
,,
40.20099998,6.575999975,5.288999796
,,
40.26099992,6.583999872,5.29399991
,,
40.31900001,6.59100008,5.299999952
,,
40.36800003,6.596999884,5.303999901
,,
40.42499995,6.602999926,5.308999777
,,
40.47799993,6.608999968,5.314999819
,,
40.52399993,6.61500001,5.319999933
,,
40.56599998,6.621999979,5.323999882
,,
40.60899997,6.628000021,5.328999996
,,
40.648,6.634000063,5.3349998
,,
40.68799996,6.638999939,5.339999914
,,
40.727,6.644999981,5.34499979
,,
40.76600003,6.652999878,5.349999905
,,
40.80500007,6.65899992,5.354999781
,,
40.84500003,6.664999962,5.359999895
,,
40.88400006,6.670000076,5.364999771
,,
40.9230001,6.67599988,5.369999886
,,
40.96099997,6.680999994,5.375
,,
41,6.687000036,5.379999876
,,
41.03900003,6.693000078,5.38499999
,,
41.07800007,6.697999954,5.389999866
,,
41.1170001,6.703999996,5.394999981
,,
41.15600014,6.710000038,5.399999857
,,
41.19700003,6.714999914,5.404999971
,,
41.23600006,6.720999956,5.410999775
,,
41.2750001,6.726999998,5.415999889
,,
41.31999993,6.731999874,5.419999838
,,
41.35899997,6.737999916,5.424999952
,,
41.40400004,6.743999958,5.429999828
,,
41.44499993,6.749000072,5.434999943
,,
41.48399997,6.754999876,5.439999819
,,
41.523,6.760999918,5.444999933
,,
41.56500006,6.76699996,5.449999809
